City,Cloudiness,Country,Date,Max Temp,Wind Speed,Lat,Lng,Humidity
Punta Arenas,40,CL,1585195702,55.4,23.04,-53.15,-70.92,62
Arraial do Cabo,18,BR,1585195865,73.47,4.85,-22.97,-42.03,78
Rome,1,US,1585195865,35.6,5.82,43.21,-75.46,80
Bushenyi,100,UG,1585195865,57.79,1.43,-0.59,30.21,61
Manadhoo,32,MV,1585195865,83.19,8.08,5.77,73.38,68
Butaritari,97,KI,1585195865,83.05,20.47,3.07,172.79,80
Okhotsk,0,RU,1585195866,26.67,6.98,59.38,143.3,91
Northam,0,GB,1585195866,39,4.12,51.03,-4.22,83
Rikitea,100,PF,1585195866,78.84,5.35,-23.12,-134.97,76
Port Elizabeth,40,ZA,1585195866,59,24.16,-33.92,25.57,77
General Pico,84,AR,1585195866,63.68,8.28,-35.66,-63.76,79
Kavaratti,10,IN,1585195867,83.16,7.11,10.57,72.64,68
Saint-Paul-lès-Dax,35,FR,1585195867,42.8,3.36,43.73,-1.05,75
New Norfolk,15,AU,1585195867,68,3,-42.78,147.06,33
Cape Town,40,ZA,1585195611,60.01,13.87,-33.93,18.42,67
Mataura,95,NZ,1585195867,51.17,8.93,-46.19,168.86,85
Zasheyek,0,RU,1585195867,23.68,8.97,67.41,32.55,95
George Town,20,MY,1585195867,87.8,3.36,5.41,100.34,70
Albany,53,US,1585195830,34,1.59,42.6,-73.97,92
Bell Ville,100,AR,1585195868,65.48,7.14,-32.63,-62.69,90
Profítis Ilías,75,GR,1585195868,55.4,5.82,35.21,25.1,87
Faanui,26,PF,1585195868,83.41,6.89,-16.48,-151.75,67
Ushuaia,40,AR,1585195868,50,8.05,-54.8,-68.3,71
Pangnirtung,73,CA,1585195868,-17.16,4.61,66.15,-65.71,79
Elizabethtown,1,US,1585195869,50,4.7,37.69,-85.86,76
Saint Paul Harbor,90,US,1585195869,48.2,11.41,57.79,-152.41,61
Kapaa,75,US,1585195869,75.2,21.92,22.08,-159.32,69
Hithadhoo,53,MV,1585195869,83.32,12.1,-0.6,73.08,70
Zhigansk,18,RU,1585195869,-7.28,7.58,66.77,123.37,88
Dikson,100,RU,1585195870,21.78,22.7,73.51,80.55,97
Walvis Bay,0,NA,1585195870,62.62,5.88,-22.96,14.51,82
Puerto Ayora,80,EC,1585195870,75.99,1.01,-0.74,-90.35,80
Longyearbyen,90,SJ,1585195870,12.2,23.04,78.22,15.64,85
Clyde River,90,CA,1585195870,-7.6,12.75,70.47,-68.59,63
Dhamrai,0,BD,1585195870,85.98,5.97,23.92,90.21,37
Necochea,43,AR,1585195870,58.03,8.86,-38.55,-58.74,91
Kutum,59,SD,1585195870,67.35,5.41,14.2,24.67,15
Bluff,95,NZ,1585195871,52.16,11.03,-46.6,168.33,83
Vaini,20,TO,1585195871,82.4,9.17,-21.2,-175.2,69
Gornopravdinsk,98,RU,1585195871,29.93,14.67,60.05,69.9,96
Lebu,0,CL,1585195871,57.18,8.61,-37.62,-73.65,86
Salalah,40,OM,1585195871,71.6,5.82,17.02,54.09,68
Nerópolis,12,BR,1585195871,65.21,6.53,-16.41,-49.22,76
Nikolskoye,95,RU,1585195871,35.2,10.71,59.7,30.79,83
Port-Gentil,97,GA,1585195872,80.06,10.78,-0.72,8.78,82
Monrovia,8,LR,1585195872,79.02,4.61,6.3,-10.8,86
Ust-Maya,74,RU,1585195872,20.66,10.27,60.42,134.53,93
Kiryat Gat,77,IL,1585196129,48,1.01,31.61,34.76,78
Luanda,75,AO,1585195940,78.8,5.82,-8.84,13.23,83
Avarua,40,CK,1585196129,84.2,10.29,-21.21,-159.78,74
Awjilah,79,LY,1585196129,64.45,14.47,29.11,21.29,53
Narsaq,39,GL,1585196130,14.45,8.1,60.92,-46.05,81
Carnarvon,0,AU,1585196130,93.2,8.05,-24.87,113.63,34
Hermanus,53,ZA,1585196130,57.97,11.61,-34.42,19.23,61
Saskylakh,67,RU,1585196130,-1.64,9.55,71.92,114.08,89
Laguna,1,US,1585196080,50,9.17,38.42,-121.42,57
Mar del Plata,75,AR,1585196131,66,10.29,-38,-57.56,88
Acapulco de Juárez,5,MX,1585196132,80.6,6.93,16.86,-99.89,78
Taoudenni,0,ML,1585196132,62.47,5.75,22.68,-3.98,28
Jamestown,1,US,1585196133,39.2,8.05,42.1,-79.24,86
Nanortalik,55,GL,1585196133,24.8,19.51,60.14,-45.24,88
Winnemucca,1,US,1585196133,33.8,4.7,40.97,-117.74,37
Bredasdorp,68,ZA,1585196133,57.2,5.82,-34.53,20.04,67
Sitka,90,US,1585196134,39.2,5.82,57.05,-135.33,93
Provideniya,90,RU,1585195930,26.6,6.71,64.38,-173.3,79
Pascagoula,1,US,1585196134,75.2,3.36,30.37,-88.56,88
Tuktoyaktuk,75,CA,1585196134,-0.4,20.8,69.45,-133.04,77
Canby,22,US,1585196135,44.01,2.24,45.26,-122.69,58
Barrow,1,US,1585196135,-5.8,13.87,71.29,-156.79,76
Avera,1,US,1585196136,62.83,3.87,33.19,-82.53,71
Iqaluit,5,CA,1585196136,-9.4,4.7,63.75,-68.51,76
Poum,19,NC,1585196136,79.09,10.18,-20.23,164.02,69
Grand Gaube,3,MU,1585196136,82,8.99,-20.01,57.66,75
Hobart,20,AU,1585195839,63,8.05,-42.88,147.33,41
Hong Kong,53,HK,1585196137,75,8.99,22.29,114.16,83
Woodstock,5,CA,1585196137,37,1.01,43.13,-80.75,87
Tiksi,0,RU,1585196137,-8.64,5.99,71.69,128.87,85
Katsuura,13,JP,1585196138,59.92,8.99,35.13,140.3,48
Cidreira,46,BR,1585196138,71.2,15.59,-30.18,-50.21,81
College,75,US,1585196138,33.8,5.91,64.86,-147.8,80
Rāyagada,0,IN,1585196138,86.7,1.57,19.17,83.42,42
Alamosa,1,US,1585196138,37.4,8.05,37.47,-105.87,40
Kizhinga,70,RU,1585196139,16.61,19.73,51.85,109.91,80
Hilo,90,US,1585195956,73.4,4.7,19.73,-155.09,73
Norman Wells,90,CA,1585196139,24.8,9.17,65.28,-126.83,79
Bethel,1,US,1585196139,35.6,4.7,41.37,-73.41,80
Puerto Escondido,20,MX,1585196140,82.4,5.35,15.85,-97.07,83
Port Hardy,40,CA,1585196140,44.6,10.29,50.7,-127.42,75
Merauke,29,ID,1585196140,84.33,5.55,-8.47,140.33,78
Vallenar,0,CL,1585196141,60.17,1.28,-28.57,-70.76,58
Souillac,75,MU,1585196015,78.8,11.41,-20.52,57.52,83
Lompoc,75,US,1585195973,48.2,4.7,34.64,-120.46,76
Areosa,0,PT,1585196142,52.86,8.14,41.72,-8.86,87
Thompson,75,CA,1585196189,5,3.33,55.74,-97.86,54
Port Hedland,0,AU,1585196189,107.6,20.8,-20.32,118.57,13
Laviana,12,ES,1585196189,38.86,2.89,43.23,-5.53,59
Busselton,16,AU,1585196189,77.36,2.17,-33.65,115.33,57
Diffa,14,NE,1585195990,82.45,9.08,13.32,12.61,28
Geraldton,0,AU,1585196190,100.4,14.99,-28.77,114.6,24
Port Macquarie,90,AU,1585196190,69.01,6.93,-31.43,152.92,94
Constitución,0,CL,1585196190,58.5,6.29,-35.33,-72.42,78
Bubaque,0,GW,1585196190,77.68,11.95,11.28,-15.83,65
Coahuayana Viejo,18,MX,1585196191,73.56,2.06,18.73,-103.68,82
Kharan,71,PK,1585196191,66.65,0.89,28.58,65.42,23
Port Alfred,90,ZA,1585196191,64.74,33.4,-33.59,26.89,59
Fortuna,75,US,1585196191,45,6.98,40.6,-124.16,93
Bandar,100,ID,1585196192,83.71,2.8,2.05,99.75,72
Vardø,99,NO,1585196192,34.3,30.94,70.37,31.11,87
Kruisfontein,92,ZA,1585196192,58.69,26.82,-34,24.73,54
Kedrovyy,100,RU,1585196192,18.7,11.36,56.17,91.82,92
Anan,100,JP,1585196192,62.08,2.57,33.92,134.65,54
Krasnosel'kup,100,RU,1585196193,31.21,17.18,65.7,82.47,97
Amfissa,100,GR,1585196193,46.15,6.58,38.52,22.37,74
Palmer,1,US,1585196193,33.8,6.93,42.16,-72.33,74
Baraguá,4,CU,1585196194,72.97,4.03,21.7,-78.63,78
Maceió,20,BR,1585196194,77,5.82,-9.67,-35.74,94
Vaitape,27,PF,1585196194,84.27,6.85,-16.52,-151.75,67
Ilulissat,100,GL,1585196194,6.8,20.8,69.22,-51.1,77
Conde,75,BR,1585196195,77,3.36,-7.26,-34.91,94
Tarabuco,68,BO,1585196195,50.38,3.8,-19.17,-64.92,39
Hasaki,10,JP,1585196196,57.78,3.71,35.73,140.83,47
Huainan,100,CN,1585196196,71.51,5.17,32.63,117,79
Guamúchil,0,MX,1585196196,69.4,0.45,25.47,-108.1,36
Castro,55,BR,1585196197,59.11,6.38,-24.79,-50.01,70
Chingirlau,2,KZ,1585196197,34.84,4.56,51.09,54.08,80
Kungurtug,97,RU,1585196197,11.68,1.54,50.6,97.52,74
Chui,90,UY,1585196198,69.67,7.05,-33.7,-53.46,91
Boysun,14,UZ,1585196198,46.22,2.04,38.21,67.2,50
Dengzhou,100,CN,1585196198,47.68,15.01,37.81,120.75,91
Quelimane,1,MZ,1585196198,70.14,3.89,-17.88,36.89,95
Sikandra Rao,84,IN,1585196199,80.92,7.47,27.7,78.4,30
Kaitangata,29,NZ,1585196199,55,11.01,-46.28,169.85,89
Leningradskiy,100,RU,1585196199,5.59,6.73,69.38,178.42,92
Bilibino,100,RU,1585196200,17.94,2.08,68.05,166.44,90
Portland,3,US,1585196058,44.01,3.6,45.52,-122.68,89
Guerrero Negro,47,MX,1585196200,61.14,20.76,27.98,-114.06,71
Vestmanna,52,FO,1585196201,41.2,25.05,62.16,-7.17,66
Kieta,100,PG,1585196201,79.38,4.03,-6.22,155.63,83
Abu Samrah,0,SY,1585196201,50.13,1.95,35.3,37.18,75
Sokoni,100,TZ,1585196249,83.34,9.48,-6.43,39.55,72
Kavieng,69,PG,1585196249,82.06,9.06,-2.57,150.8,78
Maţāy,95,EG,1585196167,66.79,8.43,28.42,30.78,33
Adré,81,TD,1585196249,72.05,3.58,13.47,22.2,15
Lālmohan,0,BD,1585196249,80.91,0.56,22.34,90.74,68
Santa Isabel Rio Negro,90,BR,1585196051,76.6,1.59,-0.41,-65.02,86
Waddān,0,LY,1585196250,61.23,3.42,29.16,16.14,37
Torbay,20,CA,1585196250,28,19.46,47.67,-52.73,86
Totskoye,47,RU,1585196211,29.05,4.34,52.52,52.76,93
Zhangjiakou,100,CN,1585196250,32.7,14.07,40.81,114.88,58
Les Cayes,8,HT,1585196250,77.94,2.46,18.2,-73.75,74
Ust-Tsilma,100,RU,1585196251,34,11.45,65.44,52.15,93
Ürümqi,0,CN,1585196251,37.4,4.47,43.8,87.6,25
Esperance,24,AU,1585196251,74.62,5.03,-33.87,121.9,53
Touros,99,BR,1585196251,81.77,5.21,-5.2,-35.46,71
Quisqueya,17,DO,1585196251,70.39,5.44,18.56,-69.41,92
Nuuk,100,GL,1585196026,12.2,6.93,64.18,-51.72,66
Dingle,47,PH,1585196252,84.63,14.61,11,122.67,63
Dudinka,100,RU,1585196252,22.66,22.28,69.41,86.18,97
Wattegama,93,LK,1585196252,81.82,5.21,6.8,81.48,55
Tuatapere,100,NZ,1585196253,50.11,4.72,-46.13,167.68,86
Atuona,0,PF,1585196253,82.78,8.97,-9.8,-139.03,67
Qaanaaq,100,GL,1585196253,4.21,0.67,77.48,-69.36,81
Hualmay,100,PE,1585196253,72.63,6.31,-11.1,-77.61,80
Bodden Town,20,KY,1585196217,78.8,3.36,19.28,-81.25,83
Safi,0,MA,1585196253,57.63,6.11,32.3,-9.24,81
Lavrentiya,97,RU,1585196254,21.97,3.49,65.58,-171,95
Huarmey,92,PE,1585196254,74.23,6.98,-10.07,-78.15,78
Pisco,100,PE,1585196254,71.6,4.7,-13.7,-76.22,83
Caserta,100,IT,1585196254,46.29,13.67,41.08,14.33,78
Sur,1,OM,1585196255,71.13,3.69,22.57,59.53,71
Aklavik,100,CA,1585196255,7.27,15.39,68.22,-135.01,91
Saint George,1,US,1585196255,55.4,11.41,37.1,-113.58,35
Dunedin,7,NZ,1585196255,57.2,9.82,-45.87,170.5,69
Airai,56,TL,1585196255,70.21,1.63,-8.93,125.41,63
Gainesville,1,US,1585196085,73,8.05,29.65,-82.32,88
Khatanga,0,RU,1585196256,5.22,9.4,71.97,102.5,91
Tigil',68,RU,1585196256,35.69,3.83,57.8,158.67,96
Klyuchi,0,RU,1585196256,16.79,5.28,52.27,79.17,93
Hede,100,CN,1585196256,63.37,1.68,33.77,120.25,88
Camaná,55,PE,1585196257,73.31,4.72,-16.62,-72.71,72
Codrington,74,AU,1585196257,61.59,8.32,-38.27,141.97,61
Saint-Philippe,18,RE,1585196309,79.07,17.85,-21.36,55.77,79
Arrondissement du Havre,90,FR,1585196309,35.6,6.93,49.58,0.33,64
Rawson,0,AR,1585196309,63.34,24.54,-43.3,-65.1,63
Sakakah,32,SA,1585196309,58.05,8.46,29.97,40.21,36
Ancud,0,CL,1585196309,56.75,4.85,-41.87,-73.82,81
Moa,4,CU,1585196309,72.86,5.86,20.66,-74.94,80
Novo Aripuanã,99,BR,1585196309,75.63,3.15,-5.12,-60.38,88
Nantucket,90,US,1585196310,37.99,21.92,41.28,-70.1,93
Jardim,0,BR,1585196310,74.89,5.75,-21.48,-56.14,70
Champerico,10,GT,1585196310,80.67,6.06,14.3,-91.92,78
Saldanha,10,ZA,1585196310,59,22.62,-33.01,17.94,66
Manacapuru,2,BR,1585196310,77.38,4.09,-3.3,-60.62,87
Deputatsky,16,RU,1585196311,-5.01,0.76,69.3,139.9,83
Mitú,47,CO,1585196090,76.77,2.48,1.2,-70.17,77
Lata,45,PT,1585196311,47.14,2.33,40.16,-8.33,89
Āmlāgora,0,IN,1585196311,88.48,1.3,22.83,87.33,27
Leh,54,IN,1585196229,21.4,3.71,34.17,77.58,25
Nāgod,64,IN,1585196312,83.97,9.75,24.57,80.6,30
Cabo San Lucas,5,MX,1585196015,72,4.7,22.89,-109.91,56
Hambantota,75,LK,1585196312,82.4,11.41,6.12,81.12,83
Gondanglegi,39,ID,1585196312,86.11,2.51,-7.75,112.01,67
Aykhal,58,RU,1585196312,4.96,6.02,66,111.5,85
Cayenne,90,GF,1585196227,75.2,3.36,4.93,-52.33,94
São Filipe,95,CV,1585196312,68.41,13.62,14.9,-24.5,75
Hedaru,98,TZ,1585196313,70.09,2.51,-4.5,37.9,75
Baykit,87,RU,1585196313,19.2,3.53,61.67,96.37,91
Karratha,0,AU,1585196168,95.97,17.13,-20.74,116.85,28
East London,75,ZA,1585196313,62.6,19.46,-33.02,27.91,59
Ikom,100,NG,1585196314,73.6,1.95,5.97,8.71,91
Port Lincoln,26,AU,1585196314,65.79,10.8,-34.73,135.87,58
Victor Harbor,53,AU,1585196314,64,8.3,-35.57,138.62,65
Shimoda,22,JP,1585196314,60.17,11.01,34.67,138.95,46
Nakhon Phanom,20,TH,1585196315,91.99,5.82,17.41,104.78,74
Moskovskiy,1,RU,1585196315,32,8.95,55.6,37.35,88
Mahrīz,12,IR,1585196315,46.35,1.95,31.59,54.43,35
Ketchikan,90,US,1585196315,39.2,11.41,55.34,-131.65,93
Gushikawa,40,JP,1585196315,78.8,18.34,26.35,127.87,61
Revda,81,RU,1585196315,27.05,15.46,56.8,59.93,90
San Andrés,40,CO,1585196316,80.6,8.05,12.58,-81.7,78
Banes,3,CU,1585196316,73.65,9.06,20.96,-75.72,83
Tasiilaq,28,GL,1585196316,6.49,6.69,65.61,-37.64,85
Eureka,2,US,1585196100,46,1.01,40.8,-124.16,76
Fort-Shevchenko,100,KZ,1585196316,47.41,12.57,44.51,50.26,54
Cap-aux-Meules,100,CA,1585196317,27.34,7.14,47.38,-61.86,94
Ribeira Grande,67,PT,1585196369,54.05,11.65,38.52,-28.7,66
Beringovskiy,100,RU,1585196369,32.43,7.96,63.05,179.32,94
Alvand,83,IR,1585196369,32.32,3.49,36.32,49.17,52
Ponta do Sol,100,PT,1585196097,57,3.11,32.67,-17.1,64
Makakilo City,90,US,1585196204,75.2,11.41,21.35,-158.09,64
Morondava,0,MG,1585196369,77.4,4.54,-20.28,44.28,84
Chumikan,94,RU,1585196369,32.4,13.58,54.72,135.31,91
Lahaina,40,US,1585196246,71.6,20.8,20.88,-156.68,68
Cockburn Town,0,TC,1585196370,76.5,9.42,21.46,-71.14,75
Antibes,0,FR,1585196370,37.4,9.17,43.56,7.13,47
Zhob,100,PK,1585196370,57.02,2.68,31.34,69.45,39
Yellowknife,20,CA,1585196370,12.2,9.17,62.46,-114.35,78
Saint-François,0,FR,1585196370,28.4,4.7,46.42,3.91,74
Artesia,90,US,1585196370,57.99,11.41,33.87,-118.08,54
Kiunga,97,PG,1585196371,83.86,4.38,-6.12,141.29,69
Thanh Hoa,90,VN,1585196139,79.39,8.75,19.8,105.77,76
Lagoa,98,PT,1585196371,54.34,13.4,39.05,-27.98,59
Waingapu,78,ID,1585196371,85.77,2.68,-9.66,120.26,64
Buchanan,11,LR,1585196371,78.49,4.97,5.88,-10.05,87
Fairbanks,90,US,1585196330,33.8,9.17,64.84,-147.72,80
Mahébourg,75,MU,1585196372,80.6,12.75,-20.41,57.7,78
Henties Bay,0,NA,1585196372,62.55,5.53,-22.12,14.28,85
Hobyo,95,SO,1585196372,83.12,9.51,5.35,48.53,76
Marsh Harbour,1,BS,1585196372,75.81,9.33,26.54,-77.06,81
Kumbo,100,CM,1585196372,61.93,2.51,6.2,10.67,61
Sobolevo,0,RU,1585196373,31.12,5.17,54.43,31.9,85
Sawtell,90,AU,1585196373,75.2,12.75,-30.38,153.1,69
Huasahuasi,100,PE,1585196373,42.28,0.6,-11.32,-75.62,33
Nicoya,85,CR,1585196373,74.1,1.23,10.15,-85.45,77
Rāvar,32,IR,1585196373,49.62,2.71,31.27,56.81,38
Charters Towers,68,AU,1585196373,86.11,10.38,-20.1,146.27,33
Valday,10,RU,1585196374,30.72,10.85,57.97,33.25,89
Channel-Port aux Basques,64,CA,1585196374,27.68,5.32,47.57,-59.14,90
Adana Province,0,TR,1585196224,50,2.24,36.98,35.29,93
Chul'man,100,RU,1585196374,12.58,13.44,56.85,124.91,87
Abu Dhabi,0,AE,1585196374,64.4,2.24,24.47,54.37,82
Aktau,100,KZ,1585196375,45.79,12.57,43.65,51.2,57
Vao,80,NC,1585196375,76.14,23.09,-22.67,167.48,78
Luganville,40,VU,1585196375,86,5.82,-15.53,167.17,74
Cherskiy,75,RU,1585196375,0.18,11.14,68.75,161.3,92
Gamba,100,GA,1585196375,78.46,8.46,-2.65,10,85
Butte,1,US,1585196375,46,3.49,39.65,-121.57,70
Andradina,0,BR,1585196376,68.07,7.34,-20.9,-51.38,74
Shestakovo,100,RU,1585196376,21.72,7.38,56.49,103.96,90
Bengkulu,43,ID,1585196376,86.34,4.23,-3.8,102.27,67
Vancouver,1,CA,1585196189,44.01,2.86,49.25,-123.12,78
Lopatino,98,RU,1585196376,30.87,7.65,52.62,45.81,86
Visby,0,SE,1585196376,35.6,12.75,57.64,18.3,74
Alto Araguaia,11,BR,1585196377,69.3,4.43,-17.31,-53.22,77
Klaksvík,30,FO,1585196429,43.47,25.52,62.23,-6.59,66
Marfino,3,RU,1585196429,32,8.95,55.7,37.38,88
Mehamn,75,NO,1585196429,32,27.51,71.04,27.85,85
Haines Junction,99,CA,1585196429,26.35,5.19,60.75,-137.51,85
Davidson,40,US,1585196379,54,3.36,36.15,-86.78,87
Tazovsky,100,RU,1585196430,27.61,8.25,67.47,78.7,98
Jiaxing,100,CN,1585196430,63.5,1.81,30.75,120.75,96
Brae,0,GB,1585196430,41,11.41,60.4,-1.35,86
Donskoye,1,RU,1585196430,39.94,11.05,45.46,41.97,72
Yangi Marg`ilon,40,UZ,1585196430,48.2,4.7,40.43,71.72,66
Ha Giang,90,VN,1585196343,79.65,4.16,22.83,104.98,66
Lerwick,0,GB,1585196431,44.38,15.05,60.15,-1.15,74
Tsagan Aman,24,RU,1585196346,40.86,9.8,47.56,46.72,68
São Félix do Xingu,100,BR,1585196431,73.38,1.28,-6.64,-51.99,88
Yar-Sale,100,RU,1585196431,24.53,15.3,66.83,70.83,97
La Ciotat,78,FR,1585196431,30,1.01,43.17,5.6,95
Zhuanghe,100,CN,1585196431,43.66,10.13,39.7,122.99,90
Parfino,0,RU,1585196431,32.41,8.39,57.97,31.65,90
Eha Amufu,100,NG,1585196432,75.45,6.35,6.66,7.76,85
Saint-Pierre,18,RE,1585196432,81,6.93,-21.34,55.48,69
Stornoway,32,GB,1585196432,32,5.82,58.21,-6.39,77
Talnakh,100,RU,1585196432,16.65,18.68,69.49,88.4,94
Oyëk,100,RU,1585196432,19.26,13.33,52.59,104.46,91
Basco,0,PH,1585196433,79.56,19.33,20.45,121.97,79
Hamilton,20,US,1585196395,54,6.93,39.18,-84.53,71
Te Anau,100,NZ,1585196433,48.67,4.72,-45.42,167.72,78
Verkh-Usugli,100,RU,1585196433,12.83,14.27,52.7,115.17,77
São João da Barra,2,BR,1585196433,70.12,6.44,-21.64,-41.05,85
Ginda,98,IN,1585196434,58.77,2.08,30.69,78.49,17
Ayotzintepec,0,MX,1585196434,77.58,2.75,17.67,-96.13,51
Soto la Marina,5,MX,1585196434,74.64,9.62,23.77,-98.22,86
Makkah al Mukarramah,1,SA,1585196434,69.01,2.21,21.43,39.83,38
Graham,90,US,1585196155,43,2.91,47.05,-122.29,87
Kenora,20,CA,1585196435,24.8,5.82,49.82,-94.43,53
Mandan,1,US,1585196176,26.6,6.93,46.83,-100.89,86
Thinadhoo,1,MV,1585196435,83.14,12.91,0.53,72.93,73
North Bend,1,US,1585196435,42.8,3.36,43.41,-124.22,87
Pochutla,4,MX,1585196435,79.9,9.69,15.74,-96.47,70
Khorixas,62,NA,1585196435,72.52,1.83,-20.37,14.97,40
Mogadishu,100,SO,1585196436,82.04,7.85,2.04,45.34,80
Mazamari,100,PE,1585196436,74.62,1.83,-11.33,-74.53,62
Shingū,95,JP,1585196436,64.81,6.91,33.73,135.98,48
Bucerías,5,MX,1585196436,73.4,4.7,20.75,-105.33,88
Ocós,7,GT,1585196489,80.58,7,14.51,-92.19,78
Águas Belas,100,BR,1585196489,73.31,5.68,-9.11,-37.12,83
Panacan,85,PH,1585196489,85.73,11.36,9.25,118.41,63
Matagami,90,CA,1585196489,35.6,8.05,49.75,-77.63,93
Coquimbo,1,CL,1585196489,62.6,2.24,-29.95,-71.34,82
Mayo,90,US,1585196489,46.99,7.45,38.89,-76.51,70
Asbury Park,40,US,1585196489,42.01,9.17,40.22,-74.01,80
Belyy Yar,62,RU,1585196490,28.4,6.71,53.6,91.39,25
Quatre Cocos,8,MU,1585196490,78.96,17.85,-20.21,57.76,78
Paoua,100,CF,1585196490,79,6.13,7.24,16.44,42
Taltal,15,CL,1585196490,61.88,1.43,-25.4,-70.48,75
Berlevåg,100,NO,1585196490,34.66,32.86,70.86,29.09,84
Oistins,40,BB,1585196490,78.8,16.11,13.07,-59.53,65
Pomichna,0,UA,1585196248,32.4,12.64,48.24,31.42,83
Barra Patuca,0,HN,1585196491,79.68,10.22,15.8,-84.28,80
Esmeralda,19,CU,1585196491,73.18,6.04,21.85,-78.12,82
Alexandria,75,EG,1585196239,59,9.17,31.22,29.96,87
Aswān,0,EG,1585196491,67.59,7.49,24.09,32.91,35
Hearst,100,CA,1585196491,14.88,7.2,49.68,-83.67,94
Samarai,56,PG,1585196492,86.65,9.33,-10.62,150.67,67
Mala Danylivka,0,UA,1585196492,32.09,6.26,50.06,36.17,84
Lędziny,29,PL,1585196492,32,5.95,50.14,19.13,86
Tezu,0,IN,1585196492,82.89,2.82,27.92,96.17,31
Potsdam,0,DE,1585196492,34,3,52.4,13.07,56
Port Hueneme,75,US,1585196493,55.4,21.92,34.15,-119.2,62
Flinders,38,AU,1585196493,67.78,15.55,-34.58,150.86,65
Adrar,0,MR,1585196493,61.09,6.69,20.5,-10.07,29
Tadine,13,NC,1585196493,80.02,14.9,-21.55,167.88,69
Edd,35,ER,1585196493,78.39,5.95,13.93,41.69,68
Porto Santo,75,PT,1585196493,59,3.36,33.07,-16.34,77
Lasem,42,ID,1585196493,84.36,7.27,-6.69,111.45,72
Katherine,75,AU,1585196494,91.4,13.87,-14.47,132.27,46
Ponta Delgada,20,PT,1585196494,51.8,14.99,37.73,-25.67,71
Samfya,99,ZM,1585196494,63.48,3.51,-11.36,29.56,68
Rujewa,43,TZ,1585196494,62.8,3.47,-8.7,34.38,64
Shenzhen,36,CN,1585195885,80.01,1.01,22.55,114.07,78
Vila Velha,20,BR,1585196494,73.4,3.36,-20.33,-40.29,88
Vila Franca do Campo,4,PT,1585196495,54.9,18.48,37.72,-25.43,64
Naica,2,MX,1585196495,78.89,7.05,27.85,-105.48,9
Fes,40,MA,1585196495,46.4,8.05,34.04,-5,93
Antalaha,66,MG,1585196495,77.38,7.58,-14.9,50.28,82
Nuevo Laredo,1,MX,1585196495,80.6,11.41,27.48,-99.52,69
Barra de Tecoanapa,0,MX,1585196496,77.68,6.13,16.52,-98.75,79
Kirkwall,1,GB,1585196496,41,9.17,58.98,-2.96,93
Ballina,40,AU,1585196496,77,10.29,-28.87,153.57,69
Sergeevka,89,KZ,1585196496,12.88,14.76,53.88,67.42,92
Chokurdakh,15,RU,1585196496,-14.12,1.25,70.63,147.92,84
Amarkantak,7,IN,1585196549,75.79,7.49,22.67,81.75,29
Pevek,100,RU,1585196549,1.62,10.8,69.7,170.31,92
Grindavik,75,IS,1585196549,32,25.28,63.84,-22.43,73
Praia,75,CV,1585196549,69.8,12.75,14.92,-23.51,68
Hofn,1,IS,1585196549,34.18,18.92,64.25,-15.21,84
Ust-Nera,55,RU,1585196549,14.85,3.51,64.57,143.2,83
Solnechnyy,20,RU,1585196550,38.61,6.02,50.72,136.63,65
Pacific Grove,40,US,1585196550,51.8,10.29,36.62,-121.92,57
Wakkanai,20,JP,1585196550,39.2,14.99,45.41,141.67,64
Pangkalanbuun,21,ID,1585196550,85.55,3.58,-2.68,111.62,75
Richards Bay,5,ZA,1585196550,73.49,12.66,-28.78,32.04,91
Warri,90,NG,1585196550,75.04,2.39,5.52,5.75,90
Józefów,20,PL,1585196550,35.01,8.05,52.14,21.24,40
Bonthe,51,SL,1585196551,78.64,2.24,7.53,-12.51,88
Arman',0,RU,1585196551,30.83,4.56,59.7,150.17,90
Esso,100,RU,1585196551,36.61,2.3,55.93,158.7,73
Batamshinskiy,100,KZ,1585196551,26.51,7.87,50.56,58.27,86
Kalvarija,3,LT,1585196551,31.03,5.08,54.4,23.23,85
Petropavlovskoye,0,RU,1585196551,18.72,2.68,52.07,84.11,89
Teknāf,0,BD,1585196551,82.9,3.15,20.86,92.31,52
Carutapera,89,BR,1585196552,78.75,6.22,-1.2,-46.02,86
Kisesa,100,TZ,1585196552,62.46,2.53,-3.08,34.15,64
Margate,99,GB,1585196552,44.01,4,51.38,1.39,49
High Level,90,CA,1585196552,28.4,2.24,58.52,-117.14,58
Venice of the Philippines,55,PH,1585196552,82.9,7.25,4.66,119.39,72
Mitzic,100,GA,1585196552,68.25,3.11,0.78,11.55,83
Lüderitz,0,NA,1585196552,64.4,19.46,-26.65,15.16,77
Marsaxlokk,75,MT,1585196553,51.8,25.28,35.84,14.54,81
Kampong Chhnang,56,KH,1585196553,90.36,9.78,12.17,104.55,43
Rocha,99,UY,1585196553,67.26,4.18,-34.48,-54.33,94
Smirnykh,56,RU,1585196553,34.18,5.46,49.75,142.83,87
San Cristobal,92,VE,1585196553,70.02,0.98,7.77,-72.22,59
Meulaboh,100,ID,1585196553,85.01,2.71,4.14,96.13,68
Kidal,0,ML,1585196553,62.82,7.16,18.44,1.41,23
Asău,93,RO,1585196553,29.26,5.57,46.43,26.4,81
Tura,24,IN,1585196554,84.16,4.12,25.52,90.22,28
Erzin,5,TR,1585196554,52.05,1.48,36.96,36.2,73
Upington,67,ZA,1585196554,57.2,6.93,-28.45,21.26,71
Termoli,100,IT,1585196554,47.25,4.97,41.99,14.99,88
Lac du Bonnet,28,CA,1585196554,20.88,3.24,50.25,-96.06,93
Shuangcheng,100,CN,1585196555,37.99,14.56,45.35,126.28,71
Lake Charles,40,US,1585196555,71.6,6.93,30.21,-93.2,94
Kampot,39,KH,1585196555,87.31,8.77,10.62,104.18,51
Lotoshino,3,RU,1585196345,31.41,9.26,56.23,35.64,88
Berkakit,100,RU,1585196555,11.05,12.37,56.58,124.77,85
Montepuez,38,MZ,1585196555,66.6,0.38,-13.13,39,85
Coyhaique,97,CL,1585196555,50,2.24,-45.58,-72.07,87
Ilhéus,19,BR,1585196556,72.59,8.28,-14.79,-39.05,85
Tabuk,19,PH,1585196609,86.88,6.55,17.42,121.44,45
Upernavik,100,GL,1585196609,5.99,21.03,72.79,-56.15,92
San Vicente,56,AR,1585196609,64.45,2.46,-26.62,-54.13,54
Ténenkou,0,ML,1585196609,71.53,10.49,14.46,-4.92,19
Sorso,26,IT,1585196609,39.61,5.08,40.8,8.58,70
Ritchie,86,ZA,1585196609,63.16,7.56,-29.04,24.6,31
Panji,62,ID,1585196610,85.64,1.25,-7.73,114.1,58
Itaitinga,99,BR,1585196610,74.28,3.06,-3.97,-38.53,91
Severo-Kuril'sk,100,RU,1585196610,32.92,14.85,50.68,156.12,95
Alice Springs,0,AU,1585196333,84.2,11.41,-23.7,133.88,30
Macas,91,EC,1585196610,67.98,2.08,-2.32,-78.12,59
Pāvilosta,0,LV,1585196610,37.35,10.71,56.89,21.19,79
Poyarkovo,100,RU,1585196610,30.97,16.58,49.6,128.68,90
La Ronge,40,CA,1585196611,15.8,5.95,55.1,-105.28,92
Erdaojiang,90,CN,1585196611,50.29,6.31,41.78,126.03,57
Mossamedes,100,AO,1585196562,74.39,4.27,-15.2,12.15,83
Caála,100,AO,1585196611,59.61,2.98,-12.85,15.56,60
Labuhan,82,ID,1585196611,86.09,8.63,-6.88,112.21,70
Porto Nacional,87,BR,1585196612,72.43,1.92,-10.71,-48.42,87
Hayden,90,US,1585196612,34,3.36,47.77,-116.79,86
Malangas,48,PH,1585196612,85.51,3,7.63,123.03,62
Sola,75,VU,1585196612,89.6,6.51,-13.88,167.55,75
Sittwe,0,MM,1585196612,80.06,3.62,20.15,92.9,53
Yumen,76,CN,1585196612,34.36,20.78,40.28,97.2,29
Kichera,100,RU,1585196612,8.92,5.91,55.94,110.1,82
Qazanbulaq,11,AZ,1585196613,46.67,3.74,40.62,46.65,63
Ilhabela,13,BR,1585196613,71.56,7.02,-23.78,-45.36,72
Oranjemund,51,NA,1585196613,61.61,10.94,-28.55,16.43,87
Porto Murtinho,0,BR,1585196613,77.81,5.08,-21.7,-57.88,60
Supe,100,PE,1585196613,74.93,7.11,-10.8,-77.73,73
Pimenta Bueno,88,BR,1585196613,73.85,2.89,-11.67,-61.19,89
Portlethen,90,GB,1585196613,42.8,4.7,57.05,-2.13,93
Cairns,90,AU,1585196371,80.6,13.87,-16.92,145.77,83
Russell,1,US,1585196614,59,4.94,32.35,-85.2,87
Harper,93,LR,1585196614,79.47,4.94,4.38,-7.72,83
Half Moon Bay,75,US,1585196614,50,16.11,37.46,-122.43,66
Baker City,75,US,1585196614,30.99,5.03,44.77,-117.83,80
Balikpapan,38,ID,1585196614,84.42,3.47,-1.27,116.83,73
Caravelas,49,BR,1585196615,75.58,9.78,-17.71,-39.25,76
Madimba,20,TZ,1585196615,73.4,4.38,-10.4,40.33,100
Chunoyar,100,RU,1585196615,24.73,7.34,57.45,97.32,93
Vanavara,69,RU,1585196615,17.65,4.29,60.34,102.28,91
Iturama,0,BR,1585196615,68.63,7.65,-19.73,-50.2,74
Xinqing,100,CN,1585196615,35.62,11.39,48.23,129.5,79
Lábrea,55,BR,1585196405,77.79,1.41,-7.26,-64.8,76
Bariloche,0,AR,1585196616,59,9.17,-41.15,-71.31,54
Belaya Gora,99,RU,1585196616,-2.02,6.62,68.53,146.42,90
Safranbolu,31,TR,1585196669,42.69,2.04,41.25,32.69,71
Pangody,100,RU,1585196669,27.93,18.23,65.85,74.49,97
Marzuq,52,YE,1585196669,69.53,4.9,14.4,46.47,43
Alekseyevsk,100,RU,1585196669,17.76,5.57,57.84,108.35,91
Taunton,0,GB,1585196670,33.01,1.01,51.02,-3.1,85
Korla,79,CN,1585196670,50,3,41.76,86.15,82
Acheng,100,CN,1585196670,37.47,11.5,45.55,126.98,78
Kemijärvi,0,FI,1585196670,27.5,7.2,66.71,27.43,93
Oodweyne,99,SO,1585196670,69.01,1.52,9.41,45.06,60
Manga,62,BF,1585196670,78.84,2.53,11.66,-1.07,20
Macieira de Cambra,11,PT,1585196671,46.62,1.41,40.86,-8.37,84
Batagay-Alyta,2,RU,1585196671,-2.4,4.25,67.8,130.41,78
Banda Aceh,100,ID,1585196671,84.24,5.26,5.56,95.32,73
Tsimmerbude,19,RU,1585196671,34.32,8.19,54.67,20.13,81
Cortez,1,US,1585196671,48.2,6.93,37.35,-108.59,31
Pilar,100,BR,1585196671,76.89,0.54,-9.6,-35.96,86
Majene,85,ID,1585196672,87.58,3.02,-3.54,118.97,62
Bandi̇̄pur,0,NP,1585196672,71.1,1.79,27.93,84.42,28
Leninskoye,100,RU,1585196672,46.2,9.71,47.94,132.62,74
Río Gallegos,20,AR,1585196672,50,4.7,-51.62,-69.22,81
Kamsack,100,CA,1585196443,20.26,7.09,51.57,-101.9,93
Manitouwadge,100,CA,1585196672,19.44,7.38,49.12,-85.84,94
Clarence Town,100,AU,1585196672,64.62,3.74,-32.58,151.78,88
Murdochville,100,CA,1585196673,22.77,6.69,48.96,-65.5,93
Kirakira,99,SB,1585196673,86.74,3.51,-10.45,161.92,66
Irecê,94,BR,1585196486,68.86,7.58,-11.3,-41.86,73
Manggar,56,ID,1585196673,86.97,1.83,-2.88,108.27,62
Turukhansk,100,RU,1585196673,25.02,17.69,65.82,87.98,97
Shahreza,32,IR,1585196673,41.9,3.83,32.03,51.88,42
Moroni,20,KM,1585196673,77,6.93,-11.7,43.26,94
Verkhniy Avzyan,96,RU,1585196674,27,4.61,53.53,57.54,92
Saint-Augustin,8,CA,1585196674,23.45,3.38,51.23,-58.65,93
Parabel',100,RU,1585196674,30.72,14.09,58.7,81.48,97
Aranda de Duero,0,ES,1585196674,34.52,4.09,41.67,-3.69,54
Philadelphia,40,US,1585196668,44.6,5.82,39.95,-75.16,67
Charlottetown,75,CA,1585196674,28.99,5.84,46.24,-63.13,86
Beloha,0,MG,1585196674,72.52,7.2,-25.17,45.05,77
Pundaguitan,50,PH,1585196675,81.99,9.33,6.37,126.17,76
Panlaitan,66,PH,1585196675,84.42,11.23,12.12,119.85,61
Umm Kaddadah,83,SD,1585196675,75.56,7.9,13.6,26.69,14
Estelle,1,US,1585196675,75.99,5.82,29.85,-90.11,94
Swan River,100,CA,1585196675,21.74,6.04,52.11,-101.27,92
Petapa,5,GT,1585196529,64.4,4.7,14.5,-90.55,93
Los Llanos de Aridane,90,ES,1585196729,62.6,6.93,28.66,-17.92,72
Tohāna,85,IN,1585196729,75.42,5.57,29.7,75.9,39
Erenhot,0,CN,1585196729,27.32,17.13,43.65,111.98,47
Assiut,77,EG,1585196729,68.16,8.52,27.18,31.18,24
George Town,20,MY,1585196729,87.8,3.36,5.41,100.34,70
Coos Bay,1,US,1585196729,42.8,3.36,43.37,-124.22,87
Harda,97,IN,1585196730,76.62,5.97,22.33,77.1,57
Vieux-Habitants,2,GP,1585196730,77.29,12.24,16.06,-61.77,76
Mandalgovi,1,MN,1585196730,16.92,12.37,45.76,106.27,55
Ossora,92,RU,1585196730,33.19,2.08,59.24,163.07,94
Sibolga,100,ID,1585196730,85.57,2.3,1.74,98.78,64
Olafsvik,99,IS,1585196730,35.01,28.43,64.89,-23.71,80
Tanout,73,NE,1585196730,78.26,11.32,14.97,8.89,15
Kahului,40,US,1585196731,73.4,12.75,20.89,-156.47,69
São Borja,36,BR,1585196731,73.98,7.36,-28.66,-56,41
Bathsheba,40,BB,1585196731,78.8,16.11,13.22,-59.52,65
Dillon,21,US,1585196731,54.01,7.7,34.42,-79.37,76
Atar,0,MR,1585196731,63.36,4.23,20.52,-13.05,27
Lyubech,0,UA,1585196731,30.76,3.8,51.7,30.66,84
Yulara,62,AU,1585196731,87.8,14.99,-25.24,130.99,23
Roebourne,0,AU,1585196732,97.32,15.97,-20.78,117.13,25
Egvekinot,100,RU,1585196732,21.24,2.17,66.32,-179.17,94
Inhambane,0,MZ,1585196732,77,4.7,-23.86,35.38,88
Bambous Virieux,75,MU,1585196732,80.6,12.75,-20.34,57.76,78
Raja,100,SS,1585196732,70.16,2.98,8.46,25.68,18
Crestwood,1,US,1585196732,54,6.93,38.56,-90.38,87
Zwedru,100,LR,1585196732,73.44,2.53,6.07,-8.13,90
San Jerónimo,100,PE,1585196732,49.42,2.51,-11.95,-75.28,29
Sorong,94,ID,1585196733,89.26,2.75,-0.88,131.25,57
Chicama,51,PE,1585196733,74.3,4.99,-7.84,-79.15,74
Fort Nelson,90,CA,1585196561,37.4,2.24,58.81,-122.7,47
Mimongo,100,GA,1585196733,68.4,2.73,-1.62,11.61,82
Anadyr,20,RU,1585196733,26.01,8.95,64.75,177.48,92
Jalu,79,LY,1585196733,65.53,13.8,29.03,21.55,49
Ulaanbaatar,27,MN,1585196733,19.4,17.9,47.91,106.88,28
Susanville,20,US,1585196734,30.2,6.93,40.42,-120.65,74
Royan,2,FR,1585196734,40.84,14.97,45.63,-1.03,69
Samarinda,55,ID,1585196734,88.97,4.32,-0.5,117.15,58
Verkhnevilyuysk,100,RU,1585196734,3.24,3.8,63.45,120.32,90
Almaznyy,0,RU,1585196734,31.28,12.15,48.04,40.05,87
Khanpur,100,PK,1585196734,73.62,9.48,28.65,70.66,52
Srandakan,17,ID,1585196735,86.07,6.29,-7.94,110.25,65
Novopokrovka,0,UA,1585196735,31.71,7.02,49.84,36.55,86
Miandrivazo,10,MG,1585196735,77.54,2.08,-19.52,45.47,80
Nishifukuma,100,JP,1585196735,59.56,7.52,33.77,130.47,79
Hirara,40,JP,1585196735,80.6,17.22,24.8,125.28,69
Benghazi,16,LY,1585196735,61.68,16.58,32.12,20.07,77
Chapais,100,CA,1585196735,31.6,12.26,49.78,-74.85,84
Thoen,5,TH,1585196736,96.39,2.8,17.61,99.22,20
Ishigaki,20,JP,1585196789,80.6,13.87,24.34,124.16,83
Kabulusan,26,PH,1585196789,87.67,11.92,14.36,121.4,48
Vestmannaeyjar,97,IS,1585196789,39.87,29.28,63.44,-20.27,70
Jilib,61,SO,1585196789,78.46,3.2,0.49,42.79,90
Buala,42,SB,1585196789,85.26,2.82,-8.14,159.59,69
Irving,1,US,1585196765,77,11.41,32.81,-96.95,69
Mount Gambier,75,AU,1585196790,66.2,12.75,-37.83,140.77,59
Kaka,80,TM,1585196790,50.56,8.01,37.35,59.61,43
Mimoso do Sul,26,BR,1585196790,65.82,1.68,-21.06,-41.37,87
San Patricio,3,MX,1585196790,74.71,4.76,19.22,-104.7,79
Severo-Yeniseyskiy,100,RU,1585196790,21.61,8.52,60.37,93.04,93
Praxédis Guerrero,17,MX,1585196791,74.59,6.42,31.37,-106.02,14
Watsa,59,CD,1585196791,62.87,2.3,3.04,29.54,73
Konitsa,100,GR,1585196791,38.35,7.99,40.05,20.76,64
Kloulklubed,25,PW,1585196791,82.53,21.65,7.04,134.26,79
Seoul,90,KR,1585196496,68,4.7,37.57,126.98,34
Evensk,70,RU,1585196791,33.06,3.56,61.95,159.23,91
Darnah,68,LY,1585196791,60.87,24.79,32.77,22.64,72
Bandarbeyla,100,SO,1585196791,78.4,11.61,9.49,50.81,79
